INSERT INTO vi_tri VALUES (1, 'le tan');
INSERT INTO vi_tri VALUES (2, 'phuc vu');
INSERT INTO vi_tri VALUES (3, 'chuyen vien');
INSERT INTO vi_tri VALUES (4, 'giam sat');
INSERT INTO vi_tri VALUES (5, 'quan ly');
INSERT INTO vi_tri VALUES (6, 'giam doc');
SELECT * FROM dich_vu_di_kem;
INSERT INTO trinh_do VALUES (101, 'trung cap');
INSERT INTO trinh_do VALUES (102, 'cao dang');
INSERT INTO trinh_do VALUES (103, 'dai hoc');
INSERT INTO trinh_do VALUES (104, 'sau dai hoc');
INSERT INTO bo_phan VALUES(1, 'sale marketing');
INSERT INTO bo_phan VALUES(2, 'hanh chinh');
INSERT INTO bo_phan VALUES(3, 'phuc vu');
INSERT INTO bo_phan VALUES(4, 'quan ly');
INSERT INTO dich_vu_di_kem VALUES(1000, 'massage', 100, 1000, 'san sang'); 
INSERT INTO dich_vu_di_kem VALUES(2000, 'karaoke', 300, 1000, 'san sang');
INSERT INTO dich_vu_di_kem VALUES(3000, 'thuc an', 200, 1000, 'san sang');
INSERT INTO dich_vu_di_kem VALUES(4000, 'nuoc uong', 50, 1000, 'san sang');
INSERT INTO dich_vu_di_kem VALUES(5000, 'thue xe', 1000, 1000, 'san sang');
INSERT INTO kieu_thue VALUES(1, 'nam', 100000000);
INSERT INTO kieu_thue VALUES(2, 'thang', 30000000);
INSERT INTO kieu_thue VALUES(3, 'ngay', 2000000);
INSERT INTO kieu_thue VALUES(4, 'gio', 300000);
INSERT INTO loai_khach VALUES(1, 'Diamond');
INSERT INTO loai_khach VALUES(2, 'Platinium');
INSERT INTO loai_khach VALUES(3, 'Gold');
INSERT INTO loai_khach VALUES(4, 'Silver');
INSERT INTO loai_khach VALUES(5, 'Member');
INSERT INTO loai_dich_vu VALUE(1,'a');
INSERT INTO loai_dich_vu VALUE(2, 'b');
INSERT INTO loai_dich_vu VALUE(3, 'c');
INSERT INTO nhan_vien VALUES(106170001, 'Nguyen Van A', 1 , 101, 3, '1999-03-24', 0010679772, 5000000, 0845535826, 'hunganh@gmail.com', 'hoa khanh, da nang');
INSERT INTO nhan_vien VALUES(106170002, 'Nguyen Van B', 2 , 102, 3, '1990-03-24', 0010679771, 10000000, 0843765826, 'hunganh1@gmail.com', 'quang tri');
INSERT INTO nhan_vien VALUES(106170003, 'Nguyen Van H', 3 , 103, 3, '1993-03-24', 0010679774, 15000000, 0845486821, 'hunganh2@gmail.com', 'hoa khanh, da nang');
INSERT INTO nhan_vien VALUES(106170004, 'Nguyen Thi A', 4 , 104, 3, '1995-03-24', 0010674772, 30000000, 0845534860, 'hunganh3@gmail.com', 'hoa vang, da nang');
INSERT INTO nhan_vien VALUES(106170005, 'Nguyen Thi B', 1 , 101, 3, '1993-03-24', 0010654772, 5000000, 0845528476, 'hunganh4@gmail.com', 'quang nam');
INSERT INTO nhan_vien VALUES(106170006, 'Nguyen Thi C', 6 , 104, 4, '1994-03-24', 0010239772, 60000000, 0845533123, 'hunganh5@gmail.com', 'ha noi');
INSERT INTO nhan_vien VALUES(106170007, 'Nguyen Hoang A', 5 , 103, 1, '1996-03-24', 0014379772, 40000000, 0945335826, 'hunganh6@gmail.com', 'hoa khanh, da nang');
INSERT INTO nhan_vien VALUES(106170008, 'Nguyen Van H', 5 , 102, 2, '1996-03-24', 0010257772, 50000000, 0845523826, 'hunganh23@gmail.com', 'cam le, da nang');
INSERT INTO nhan_vien VALUES(106170009, 'Nguyen Van K', 2 , 101, 2, '1991-03-24', 0010235772, 8000000, 0845536326, 'hungan234h@gmail.com', 'son tra da nang');
INSERT INTO nhan_vien VALUES(106170012, 'Nguyen Van T', 4 , 103, 4, '1992-03-24', 0013847772, 35000000, 0845643826, 'hungan3465h@gmail.com', 'hoa khanh, da nang');
INSERT INTO khach_hang VALUES(1917081, 1, 'Nguyen van Ta', '1950-04-12', 0274668374, 0385637853, 'ssddf@gmail.com', 'Quang tri'); 
INSERT INTO khach_hang VALUES(1917022, 3, 'Nguyen van b', '1954-06-12', 0274663467, 0385632345, 'sfdgf@gmail.com', 'hue'); 
INSERT INTO khach_hang VALUES(1917303, 2, 'Nguyen van s', '1967-07-12', 0274648675, 0382342356, 'sfds@gmail.com', 'hue'); 
INSERT INTO khach_hang VALUES(1917404, 5, 'Nguyen van a', '1945-03-13', 0274662356, 0382347853, 'dg@gmail.com', 'da nang'); 
INSERT INTO khach_hang VALUES(1917505, 3, 'Nguyen thi b ', '1978-04-04', 0274663467, 0354437853, 'ssdsddf@gmail.com', 'quang nam'); 
INSERT INTO khach_hang VALUES(1917606, 3, 'Nguyen thi l', '1934-04-12', 0274663456, 0332437853, 'fds@gmail.com', 'Quang tri'); 
INSERT INTO khach_hang VALUES(1917107, 2, 'Nguyen hoang ', '1999-04-12', 0274679860, 0384357853, 'ddsa@gmail.com', 'quang binh'); 
INSERT INTO khach_hang VALUES(1917208, 5, 'Nguyen d', '1990-04-11', 0274667777, 0385637534, 'fgda@gmail.com', 'hue'); 
INSERT INTO khach_hang VALUES(1917509, 3, 'Nguyen Ta', '1978-04-16', 0274664567, 0385234853, 'adsa@gmail.com', 'Quang tri'); 
INSERT INTO khach_hang VALUES(1917110, 1, 'Nguyen ca', '1934-02-12', 0274662345, 0382345853, 'sadasfads@gmail.com', 'Quang tri'); 
INSERT INTO dich_vu VALUES(12345, 'Villa 1', 500, 2, 10, 10000000, 1, 1, 'san sang' );
INSERT INTO dich_vu VALUES(12346, 'Villa 2', 300, 3, 12, 12000000, 2, 1, 'san sang' );
INSERT INTO dich_vu VALUES(12315, 'Villa 3', 400, 2, 12, 9000000, 1, 1, 'san sang' );
INSERT INTO dich_vu VALUES(12312, 'house 1', 100, 2, 5, 4000000, 3, 2, 'da co khach' );
INSERT INTO dich_vu VALUES(12364, 'house 2', 200, 4, 3, 3000000, 3, 2, 'da co khach' );
INSERT INTO dich_vu VALUES(12323, 'house 3', 150, 2, 4, 4000000, 2, 2, 'san sang' );
INSERT INTO dich_vu VALUES(12376, 'house 4', 100, 3, 5, 4000000, 1, 2, 'san sang' );
INSERT INTO dich_vu VALUES(12367, 'room 1', 50, NULL, 3, 800000, 2, 3, 'san sang' );
INSERT INTO dich_vu VALUES(12366, 'room 2', 60,NULL, 2, 600000, 2, 3, 'da co khach' );
INSERT INTO dich_vu VALUES(12365, 'room 3', 60, NULL, 4, 600000, 3, 3, 'san sang' );
INSERT INTO dich_vu VALUES(12334, 'room 4', 70, NULL, 3, 700000, 3, 3, 'da co khach' );
INSERT INTO dich_vu VALUES(12345, 'room 5', 60, NULL, 3, 800000, 3, 3, 'san sang' );
INSERT INTO hop_dong VALUES(1, 106170002, 1917081, 12345, '2020-07-12', '2020-07-18', 3000000, 10000000);
INSERT INTO hop_dong VALUES(2, 106170001, 1917110, 12346, '2020-08-12', '2020-08-18', 3000000, 10000000);
INSERT INTO hop_dong VALUES(3, 106170012, 1917509, 12315, '2021-07-12', '2021-07-18', 3000000, 8000000);
INSERT INTO hop_dong VALUES(4, 106170002, 1917404, 12312, '2021-04-12', '2021-04-18', 3000000, 7000000);
INSERT INTO hop_dong VALUES(5, 106170012, 1917208, 12366, '2020-03-12', '2020-03-18', 3000000, 7000000);
INSERT INTO hop_dong VALUES(6, 106170008, 1917303, 12365, '2020-04-12', '2020-04-18', 3000000, 8000000);
INSERT INTO hop_dong_chi_tiet VALUES(1, 1, 1000, 2 );
INSERT INTO hop_dong_chi_tiet VALUES(2, 2, 2000, 1 );
INSERT INTO hop_dong_chi_tiet VALUES(3, 3, 3000, 5 );
INSERT INTO hop_dong_chi_tiet VALUES(4, 4, 2000, 4 );
INSERT INTO hop_dong_chi_tiet VALUES(5, 5, 4000, 3 );
INSERT INTO hop_dong_chi_tiet VALUES(6, 6, 5000, 4 );